{
  "sideways_days": 198,
  "trades": 25,
  "wr": 0.64,
  "pf": 3.868337511884073,
  "mean_r": 0.34826428423520506,
  "max_dd": 0.012047781946590135,
  "trade_freq_per_day": 1.6666666666666667,
  "thresholds": {
    "atr_pct_lt": 0.6,
    "ema50_slope_abs_lt": 0.003,
    "ret_30d_between": [
      -0.05,
      0.05
    ]
  }
}