{
  "total_trades": 42,
  "valid_trades": 36,
  "pnl_total": 55.17750000000019,
  "pnl_wins": 154.9774285714287,
  "pnl_losses": -99.79992857142852,
  "pf": 1.5528811572295735,
  "wr": 61.111111111111114,
  "max_dd": -47.20735714285706,
  "avg_pnl": 1.5327083333333384,
  "avg_bars_held": 2.861111111111111,
  "exit_breakdown": {
    "TP": 22,
    "SL": 14,
    "TIMEOUT": 6
  }
}