{
  "total_trades": 37,
  "valid_trades": 32,
  "pnl_total": 56.230571428571565,
  "pnl_wins": 146.29828571428587,
  "pnl_losses": -90.06771428571429,
  "pf": 1.624314404717722,
  "wr": 62.5,
  "max_dd": -37.47514285714283,
  "avg_pnl": 1.7572053571428614,
  "avg_bars_held": 2.9375,
  "exit_breakdown": {
    "TP": 20,
    "SL": 12,
    "TIMEOUT": 5
  }
}