{
  "total_trades": 22,
  "valid_trades": 18,
  "pnl_total": 36.09035714285733,
  "pnl_wins": 94.9145714285716,
  "pnl_losses": -58.82421428571428,
  "pf": 1.6135289281989107,
  "wr": 61.111111111111114,
  "max_dd": -34.685642857142824,
  "avg_pnl": 2.0050198412698514,
  "avg_bars_held": 2.388888888888889,
  "exit_breakdown": {
    "TP": 11,
    "SL": 7,
    "TIMEOUT": 4
  }
}