{
  "total_trades": 57,
  "valid_trades": 49,
  "pnl_total": 40.32528571428595,
  "pnl_wins": 192.01171428571448,
  "pnl_losses": -151.68642857142854,
  "pf": 1.2658463653872432,
  "wr": 55.10204081632652,
  "max_dd": -70.87221428571422,
  "avg_pnl": 0.8229650145772642,
  "avg_bars_held": 2.816326530612245,
  "exit_breakdown": {
    "TP": 27,
    "SL": 22,
    "TIMEOUT": 8
  }
}