{
  "total_trades": 50,
  "valid_trades": 43,
  "pnl_total": 34.38864285714309,
  "pnl_wins": 173.50142857142873,
  "pnl_losses": -139.11278571428565,
  "pf": 1.2471997284834162,
  "wr": 55.81395348837209,
  "max_dd": -62.44414285714277,
  "avg_pnl": 0.7997358803986765,
  "avg_bars_held": 2.6744186046511627,
  "exit_breakdown": {
    "TP": 24,
    "SL": 19,
    "TIMEOUT": 7
  }
}