{
  "total_trades": 70,
  "valid_trades": 61,
  "pnl_total": 58.13650000000033,
  "pnl_wins": 247.5965714285717,
  "pnl_losses": -189.46007142857138,
  "pf": 1.3068535737458458,
  "wr": 54.09836065573771,
  "max_dd": -90.06235714285697,
  "avg_pnl": 0.9530573770491858,
  "avg_bars_held": 2.9508196721311477,
  "exit_breakdown": {
    "TP": 33,
    "SL": 28,
    "TIMEOUT": 9
  }
}