{
  "verdict": "BOTH_STRONG",
  "interpretation": "Classifier is strong AND execution layer preserves edge (institutional grade)",
  "classification_edge": {
    "accuracy": 0.96,
    "pf": 24.0,
    "final_equity": 1.257037302046596,
    "max_dd": 0.00999999999999993
  },
  "execution_edge": {
    "win_rate": 0.96,
    "pf": 32.000000000000114,
    "final_equity": 1.360476636205999,
    "max_dd": 0.009999999999999983
  },
  "gap_analysis": {
    "pf_gap": -8.000000000000114,
    "pf_gap_pct": -33.33333333333381,
    "equity_gap": -0.1034393341594031,
    "equity_gap_pct": -8.228819780526194
  }
}