{
  "status": "CONSISTENT",
  "pf_actual": 10.081639780701849,
  "pf_theoretical": 10.081639780701845,
  "pf_diff_pct": 3.523944275018695e-14,
  "wr": 0.821917808219178,
  "avg_win": 0.9409700607976608,
  "avg_loss_abs": 0.43077702006931945,
  "gross_profit": 56.45820364785965,
  "gross_loss": 5.600101260901153,
  "total_trades": 73,
  "wins": 60,
  "losses": 13,
  "mean_r": 0.6966863340679246,
  "std_r": 0.686481124886018,
  "total_r": 50.85810238695849
}