{
  "mean": 0.6966863340679246,
  "median": 0.6867223527364505,
  "std": 0.686481124886018,
  "min": -1.0,
  "max": 1.333333333333414,
  "skewness": -0.8227132795704312,
  "kurtosis": -0.15619833086597135,
  "win_mean": 0.9409700607976608,
  "loss_mean": -0.43077702006931945,
  "pct_loss_below_08": 5.47945205479452,
  "pct_win_above_10": 43.83561643835616,
  "total_trades": 73,
  "wins": 60,
  "losses": 13
}