{
  "total_folds": 14,
  "auc": {
    "mean": 0.9873082189036759,
    "std": 0.008285616254235077,
    "min": 0.9737289679888235,
    "max": 0.9996505329372707
  },
  "brier": {
    "mean": 0.03285523366580721,
    "std": 0.01184046033500527
  },
  "ece": {
    "mean": 0.02495574398416501
  },
  "stability_metrics": {
    "pct_folds_auc_gt_075": 100.0,
    "verdict": "GREEN"
  }
}